servico,id_validador,latitude,longitude,data,estado_equipamento,primeiro_datetime_gps,ultimo_datetime_gps,qtde_min_entre_a_prim_e_ultima_transmissao,qtde_min_distintos_houve_transmissao,qtde_registros_gps,qtde_registros_gps_georreferenciados,percentual_registros_gps_georreferenciados,percentual_transmissao_a_cada_min
TBTIG,B5AT020D00600831,0.0,0.0,2026-04-26,ABERTO,2026-04-26 00:00:53.444194,2026-04-26 00:04:53.602311,5,5,5,0,0.0,1.0
TEIG,B35T020D00209794,-22.89892684,-43.21157998,2026-04-26,FECHADO,2026-04-26 00:00:31.458195,2026-04-26 00:04:31.333179,5,5,5,5,1.0,1.0
TEIG,B35T020D00207356,-22.89888111,-43.21156026,2026-04-26,FECHADO,2026-04-26 00:00:24.444099,2026-04-26 00:04:24.595419,5,5,5,5,1.0,1.0
TEIG,B35T020D00206122,-22.89891142,-43.21154424,2026-04-26,FECHADO,2026-04-26 00:00:29.263756,2026-04-26 00:04:29.321015,5,5,5,5,1.0,1.0
TEIG,B5AT020D00600523,-22.898837,-43.21149898,2026-04-26,FECHADO,2026-04-26 00:00:22.764663,2026-04-26 00:04:22.788249,5,5,5,5,1.0,1.0
TEIG,B5AT020D00600056,-22.89891235,-43.21148952,2026-04-26,FECHADO,2026-04-26 00:00:05.324242,2026-04-26 00:04:05.263206,5,5,5,5,1.0,1.0
TEIG,B35T020D00209795,-22.89887433,-43.21148449,2026-04-26,FECHADO,2026-04-26 00:00:08.996948,2026-04-26 00:04:08.903077,5,5,5,5,1.0,1.0
TEIG,B5AT020D00600134,-22.89889387,-43.21147481,2026-04-26,FECHADO,2026-04-26 00:00:14.718559,2026-04-26 00:04:14.731066,5,5,5,5,1.0,1.0
TEIG,B5AT020D00600717,-22.898903,-43.21147295,2026-04-26,FECHADO,2026-04-26 00:00:22.058999,2026-04-26 00:04:22.071119,5,5,5,5,1.0,1.0
TEIG,B5AT020D00600161,-22.89886925,-43.21144697,2026-04-26,FECHADO,2026-04-26 00:00:47.365804,2026-04-26 00:04:47.324573,5,5,5,5,1.0,1.0
TEIG,B5AT020D00600051,-22.89879975,-43.21144504,2026-04-26,FECHADO,2026-04-26 00:00:15.673543,2026-04-26 00:04:15.632596,5,5,5,5,1.0,1.0
TEIG,B35T020D00207355,-22.89889028,-43.21144211,2026-04-26,FECHADO,2026-04-26 00:00:18.174325,2026-04-26 00:04:18.036143,5,5,5,5,1.0,1.0
TEIG,B35T020D00209203,-22.8988911,-43.21143515,2026-04-26,FECHADO,2026-04-26 00:00:24.722172,2026-04-26 00:04:24.741845,5,5,5,5,1.0,1.0
TEIG,B5AT020D00600132,-22.89942635,-43.19976189,2026-04-26,ABERTO,2026-04-26 00:00:18.180527,2026-04-26 00:04:18.029445,5,5,5,5,1.0,1.0
TEIG,B5AT020D00600135,-22.89937739,-43.19975834,2026-04-26,ABERTO,2026-04-26 00:00:53.224649,2026-04-26 00:04:53.36977,5,5,5,5,1.0,1.0
TERDV,B35T020D00208498,-22.89882104,-43.20753889,2026-04-26,ABERTO,2026-04-26 00:00:10.464494,2026-04-26 00:04:10.282727,5,5,5,5,1.0,1.0
TERDV,B35T020D00209928,-22.89882686,-43.20747564,2026-04-26,ABERTO,2026-04-26 00:00:42.012044,2026-04-26 00:04:41.751669,5,5,5,5,1.0,1.0
VLT-Linha 1,B35T020D00202913,-22.89890297,-43.20011016,2026-04-26,ABERTO,2026-04-26 00:00:41.63246,2026-04-26 00:04:41.754221,5,5,5,5,1.0,1.0
VLT-Linha 1,B35T020D00209241,-22.89871421,-43.20001891,2026-04-26,ABERTO,2026-04-26 00:00:54.254793,2026-04-26 00:04:54.550489,5,5,5,5,1.0,1.0
VLT-Linha 1,B35T020D00205839,-22.89892143,-43.19998973,2026-04-26,ABERTO,2026-04-26 00:00:45.759902,2026-04-26 00:04:45.946029,5,5,5,5,1.0,1.0
VLT-Linha 1,B35T020D00209305,-22.8986826,-43.19996496,2026-04-26,ABERTO,2026-04-26 00:00:42.597719,2026-04-26 00:04:42.746365,5,5,5,5,1.0,1.0
VLT-Linha 1,B35T020D00208455,-22.89872494,-43.19995598,2026-04-26,ABERTO,2026-04-26 00:00:59.279939,2026-04-26 00:04:59.672086,5,5,5,5,1.0,1.0
VLT-Linha 1,B35T020D00203891,-22.89875607,-43.19992829,2026-04-26,ABERTO,2026-04-26 00:00:51.657696,2026-04-26 00:04:52.006551,5,5,5,5,1.0,1.0
VLT-Linha 1,B35T020D00202324,-22.89881606,-43.19988878,2026-04-26,ABERTO,2026-04-26 00:00:52.955109,2026-04-26 00:04:53.093974,5,5,5,5,1.0,1.0
VLT-Linha 1,B35T020D00206247,-22.89875812,-43.19986806,2026-04-26,ABERTO,2026-04-26 00:00:45.798747,2026-04-26 00:04:46.15673,5,5,5,5,1.0,1.0
VLT-Linha 1,B35T020D00203268,-22.89917403,-43.19983586,2026-04-26,ABERTO,2026-04-26 00:00:50.670869,2026-04-26 00:04:50.776512,5,5,5,5,1.0,1.0
VLT-Linha 1,B35T020D00208499,-22.89844715,-43.19980551,2026-04-26,ABERTO,2026-04-26 00:00:46.081718,2026-04-26 00:04:46.450943,5,5,5,5,1.0,1.0
VLT-Linha 1,B35T020D00201153,-22.89864165,-43.1997909,2026-04-26,ABERTO,2026-04-26 00:00:48.230463,2026-04-26 00:04:48.656323,5,5,5,5,1.0,1.0
VLT-Linha 1,B35T020D00203934,-22.89902867,-43.19976676,2026-04-26,ABERTO,2026-04-26 00:00:51.254421,2026-04-26 00:04:51.684086,5,5,5,5,1.0,1.0
VLT-Linha 1,B35T020D00207644,-22.89881226,-43.19975967,2026-04-26,ABERTO,2026-04-26 00:00:48.869946,2026-04-26 00:04:48.843571,5,5,5,5,1.0,1.0
VLT-Linha 1,B35T020D00207095,-22.89880255,-43.1997585,2026-04-26,ABERTO,2026-04-26 00:00:44.37836,2026-04-26 00:04:44.571335,5,5,5,5,1.0,1.0
VLT-Linha 1,B35T020D00210005,-22.89838667,-43.19971185,2026-04-26,ABERTO,2026-04-26 00:00:53.491878,2026-04-26 00:04:53.658322,5,5,5,5,1.0,1.0
VLT-Linha 1,B35T020D00206161,-22.89842294,-43.19965906,2026-04-26,ABERTO,2026-04-26 00:00:46.432277,2026-04-26 00:04:46.414765,5,5,5,5,1.0,1.0
VLT-Linha 1,B35T020D00203265,-22.89881754,-43.19964327,2026-04-26,ABERTO,2026-04-26 00:00:53.881094,2026-04-26 00:04:53.988624,5,5,5,5,1.0,1.0
VLT-Linha 1,B35T020D00208868,-22.89842116,-43.19962709,2026-04-26,ABERTO,2026-04-26 00:00:48.036559,2026-04-26 00:04:48.049153,5,5,5,5,1.0,1.0
VLT-Linha 1,B35T020D00209934,-22.89836353,-43.19960689,2026-04-26,ABERTO,2026-04-26 00:00:53.290704,2026-04-26 00:04:53.49924,5,5,5,5,1.0,1.0
VLT-Linha 1,B35T020D00208770,-22.89871886,-43.19957332,2026-04-26,ABERTO,2026-04-26 00:00:50.363299,2026-04-26 00:04:50.714809,5,5,5,5,1.0,1.0
VLT-Linha 1,B35T020D00205500,-22.89866708,-43.1995599,2026-04-26,ABERTO,2026-04-26 00:00:34.692472,2026-04-26 00:04:34.634375,5,5,5,5,1.0,1.0
VLT-Linha 1,B35T020D00210606,-22.89956712,-43.19952082,2026-04-26,ABERTO,2026-04-26 00:00:56.815674,2026-04-26 00:04:56.970849,5,5,5,5,1.0,1.0
VLT-Linha 1,B35T020D00209306,-22.89872753,-43.1994919,2026-04-26,ABERTO,2026-04-26 00:00:50.015181,2026-04-26 00:04:50.113719,5,5,5,5,1.0,1.0
VLT-Linha 1,B35T020D00205144,-22.90031035,-43.19947052,2026-04-26,ABERTO,2026-04-26 00:00:50.050491,2026-04-26 00:04:50.175871,5,5,5,5,1.0,1.0
VLT-Linha 1,B35T020D00208359,-22.89874593,-43.19943924,2026-04-26,ABERTO,2026-04-26 00:00:45.537052,2026-04-26 00:04:45.690087,5,5,5,5,1.0,1.0
VLT-Linha 1,B35T020D00209380,-22.8987086,-43.1994233,2026-04-26,ABERTO,2026-04-26 00:00:45.69967,2026-04-26 00:04:45.598946,5,5,5,5,1.0,1.0
VLT-Linha 1,B35T020D00206013,-22.89909726,-43.1993986,2026-04-26,ABERTO,2026-04-26 00:00:56.12646,2026-04-26 00:04:56.370514,5,5,5,5,1.0,1.0
VLT-Linha 1,B35T020D00208973,-22.89836828,-43.19939018,2026-04-26,ABERTO,2026-04-26 00:00:44.339019,2026-04-26 00:04:44.307883,5,5,5,5,1.0,1.0
VLT-Linha 1,B35T020D00210611,-22.89934608,-43.19937201,2026-04-26,ABERTO,2026-04-26 00:00:55.42784,2026-04-26 00:04:55.576704,5,5,5,5,1.0,1.0
VLT-Linha 1,B35T020D00201172,-22.89892691,-43.19933479,2026-04-26,ABERTO,2026-04-26 00:00:49.914587,2026-04-26 00:04:50.076095,5,5,5,5,1.0,1.0
VLT-Linha 1,B35T020D00208721,-22.89882217,-43.19933003,2026-04-26,ABERTO,2026-04-26 00:00:53.341461,2026-04-26 00:04:53.47022,5,5,5,5,1.0,1.0
VLT-Linha 1,B35T020D00209848,-22.89948392,-43.19932001,2026-04-26,ABERTO,2026-04-26 00:00:49.980442,2026-04-26 00:04:50.044568,5,5,5,5,1.0,1.0
VLT-Linha 1,B35T020D00201240,-22.89950955,-43.19931821,2026-04-26,ABERTO,2026-04-26 00:00:59.483182,2026-04-26 00:04:59.535117,5,5,5,5,1.0,1.0
VLT-Linha 1,B35T020D00209844,-22.89925973,-43.1992819,2026-04-26,ABERTO,2026-04-26 00:00:48.772081,2026-04-26 00:04:48.922642,5,5,5,5,1.0,1.0
VLT-Linha 1,B35T020D00209291,-22.8993641,-43.19923946,2026-04-26,ABERTO,2026-04-26 00:00:53.431065,2026-04-26 00:04:53.580029,5,5,5,5,1.0,1.0
VLT-Linha 1,B35T020D00209530,-22.89969997,-43.19922633,2026-04-26,ABERTO,2026-04-26 00:00:55.271886,2026-04-26 00:04:55.433484,5,5,5,5,1.0,1.0
VLT-Linha 1,B35T020D00203883,-22.90013922,-43.19921813,2026-04-26,ABERTO,2026-04-26 00:00:49.047201,2026-04-26 00:04:49.012061,5,5,5,5,1.0,1.0
VLT-Linha 1,B35T020D00208076,-22.89947883,-43.19921812,2026-04-26,ABERTO,2026-04-26 00:00:48.542033,2026-04-26 00:04:48.748583,5,5,5,5,1.0,1.0
VLT-Linha 1,B35T020D00207359,-22.8991202,-43.1992026,2026-04-26,ABERTO,2026-04-26 00:00:48.764493,2026-04-26 00:04:48.984551,5,5,5,5,1.0,1.0
VLT-Linha 1,B35T020D00210010,-22.8994547,-43.19919908,2026-04-26,ABERTO,2026-04-26 00:00:45.52031,2026-04-26 00:04:45.679199,5,5,5,5,1.0,1.0
VLT-Linha 1,B35T020D00205948,-22.8993772,-43.19917097,2026-04-26,ABERTO,2026-04-26 00:00:50.619077,2026-04-26 00:04:50.727105,5,5,5,5,1.0,1.0
VLT-Linha 1,B35T020D00208361,-22.89955623,-43.19916494,2026-04-26,ABERTO,2026-04-26 00:00:48.725908,2026-04-26 00:04:48.869036,5,5,5,5,1.0,1.0
VLT-Linha 1,B35T020D00209189,-22.89960513,-43.19916295,2026-04-26,ABERTO,2026-04-26 00:00:24.711878,2026-04-26 00:04:24.461825,5,5,5,5,1.0,1.0
VLT-Linha 1,B35T020D00208946,-22.89934153,-43.19915762,2026-04-26,ABERTO,2026-04-26 00:00:50.557295,2026-04-26 00:04:51.22582,5,5,5,5,1.0,1.0
VLT-Linha 1,B35T020D00209845,-22.89944914,-43.19913014,2026-04-26,ABERTO,2026-04-26 00:00:46.354102,2026-04-26 00:04:46.304412,5,5,5,5,1.0,1.0
VLT-Linha 1,B35T020D00204083,-22.89890321,-43.19912365,2026-04-26,ABERTO,2026-04-26 00:00:49.293899,2026-04-26 00:04:49.366962,5,5,5,5,1.0,1.0
VLT-Linha 1,B35T020D00209025,-22.89869392,-43.1991169,2026-04-26,ABERTO,2026-04-26 00:00:41.645478,2026-04-26 00:04:41.716114,5,5,5,5,1.0,1.0
VLT-Linha 1,B35T020D00206250,-22.89964904,-43.1991143,2026-04-26,ABERTO,2026-04-26 00:00:46.468515,2026-04-26 00:04:46.661104,5,5,5,5,1.0,1.0
VLT-Linha 1,B35T020D00203873,-22.89979637,-43.19907506,2026-04-26,ABERTO,2026-04-26 00:00:55.293844,2026-04-26 00:04:55.63925,5,5,5,5,1.0,1.0
VLT-Linha 1,B35T020D00209204,-22.89953952,-43.19906165,2026-04-26,ABERTO,2026-04-26 00:00:47.612443,2026-04-26 00:04:47.982851,5,5,5,5,1.0,1.0
VLT-Linha 1,B35T020D00209303,-22.89935525,-43.19905809,2026-04-26,ABERTO,2026-04-26 00:00:50.331179,2026-04-26 00:04:50.486139,5,5,5,5,1.0,1.0
VLT-Linha 1,B35T020D00205855,-22.89876534,-43.19905771,2026-04-26,ABERTO,2026-04-26 00:00:50.723694,2026-04-26 00:04:50.644209,5,5,5,5,1.0,1.0
VLT-Linha 1,B35T020D00207357,-22.89950462,-43.19904225,2026-04-26,ABERTO,2026-04-26 00:00:48.313572,2026-04-26 00:04:47.146738,5,5,5,5,1.0,1.0
VLT-Linha 1,B35T020D00206160,-22.89973294,-43.19902292,2026-04-26,ABERTO,2026-04-26 00:00:47.476885,2026-04-26 00:04:48.522359,5,5,5,5,1.0,1.0
VLT-Linha 1,B35T020D00209196,-22.89981159,-43.19902138,2026-04-26,ABERTO,2026-04-26 00:00:59.521102,2026-04-26 00:04:59.752352,5,5,5,5,1.0,1.0
VLT-Linha 1,B35T020D00209206,-22.89946801,-43.19901949,2026-04-26,ABERTO,2026-04-26 00:00:49.315108,2026-04-26 00:04:49.341311,5,5,5,5,1.0,1.0
VLT-Linha 1,B35T020D00210003,-22.89956528,-43.1989948,2026-04-26,ABERTO,2026-04-26 00:00:52.72844,2026-04-26 00:04:52.884109,5,5,5,5,1.0,1.0
VLT-Linha 1,B35T020D00207689,-22.89963299,-43.19897157,2026-04-26,ABERTO,2026-04-26 00:00:54.478031,2026-04-26 00:04:54.695353,5,5,5,5,1.0,1.0
VLT-Linha 1,B35T020D00209847,-22.89884102,-43.19895574,2026-04-26,ABERTO,2026-04-26 00:00:48.880198,2026-04-26 00:04:49.212116,5,5,5,5,1.0,1.0
VLT-Linha 1,B35T020D00209198,-22.89987407,-43.19894289,2026-04-26,ABERTO,2026-04-26 00:00:56.346122,2026-04-26 00:04:56.448478,5,5,5,5,1.0,1.0
VLT-Linha 1,B35T020D00205919,-22.89996655,-43.19892579,2026-04-26,ABERTO,2026-04-26 00:00:46.505197,2026-04-26 00:04:46.722309,5,5,5,5,1.0,1.0
VLT-Linha 1,B35T020D00208716,-22.89997706,-43.19891962,2026-04-26,ABERTO,2026-04-26 00:00:54.30546,2026-04-26 00:04:54.676722,5,5,5,5,1.0,1.0
VLT-Linha 1,B35T020D00209849,-22.89881299,-43.19891855,2026-04-26,ABERTO,2026-04-26 00:00:35.743479,2026-04-26 00:04:35.373296,5,5,5,5,1.0,1.0
VLT-Linha 1,B35T020D00205947,-22.89945313,-43.19888562,2026-04-26,ABERTO,2026-04-26 00:00:50.537568,2026-04-26 00:04:50.949976,5,5,5,5,1.0,1.0
VLT-Linha 1,B35T020D00210004,-22.89885803,-43.19887057,2026-04-26,ABERTO,2026-04-26 00:00:53.184476,2026-04-26 00:04:53.334439,5,5,5,5,1.0,1.0
VLT-Linha 1,B35T020D00210000,-22.89898925,-43.1988508,2026-04-26,ABERTO,2026-04-26 00:00:49.186102,2026-04-26 00:04:49.329879,5,5,5,5,1.0,1.0
VLT-Linha 1,B35T020D00205854,-22.89885652,-43.19884457,2026-04-26,ABERTO,2026-04-26 00:00:45.440567,2026-04-26 00:04:45.254361,5,5,5,5,1.0,1.0
VLT-Linha 1,B35T020D00206227,-22.89885616,-43.19879586,2026-04-26,ABERTO,2026-04-26 00:00:50.707904,2026-04-26 00:04:50.873828,5,5,5,5,1.0,1.0
VLT-Linha 1,B35T020D00204196,-22.89982704,-43.19877535,2026-04-26,ABERTO,2026-04-26 00:00:56.336748,2026-04-26 00:04:56.575189,5,5,5,5,1.0,1.0
VLT-Linha 1,B35T020D00208960,-22.89982445,-43.19867666,2026-04-26,ABERTO,2026-04-26 00:00:43.507524,2026-04-26 00:04:43.367274,5,5,5,5,1.0,1.0
VLT-Linha 1,B35T020D00209099,-22.89972978,-43.19860936,2026-04-26,ABERTO,2026-04-26 00:00:51.576365,2026-04-26 00:04:51.94436,5,5,5,5,1.0,1.0
VLT-Linha 1,B35T020D00209264,-22.9004462,-43.1985466,2026-04-26,ABERTO,2026-04-26 00:00:50.432578,2026-04-26 00:04:50.75503,5,5,5,5,1.0,1.0
VLT-Linha 1,B35T020D00208079,-22.89882222,-43.1984791,2026-04-26,ABERTO,2026-04-26 00:00:48.466966,2026-04-26 00:04:48.777542,5,5,5,5,1.0,1.0
VLT-Linha 1,B35T020D00210476,-22.90306889,-43.19674885,2026-04-26,ABERTO,2026-04-26 00:00:38.918733,2026-04-26 00:04:38.927943,5,5,5,5,1.0,1.0
VLT-Linha 1,B35T020D00209352,-22.91227559,-43.16741189,2026-04-26,ABERTO,2026-04-26 00:00:41.411215,2026-04-26 00:04:40.205217,5,5,5,5,1.0,1.0
VLT-Linha 1,B35T020D00209942,-22.91231904,-43.16730995,2026-04-26,ABERTO,2026-04-26 00:00:46.690192,2026-04-26 00:04:47.009975,5,5,5,5,1.0,1.0
VLT-Linha 1,B35T020D00202470,0.0,0.0,2026-04-26,ABERTO,2026-04-26 00:00:40.829526,2026-04-26 00:04:40.534598,5,5,5,0,0.0,1.0
VLT-Linha 1,B35T020D00205730,0.0,0.0,2026-04-26,ABERTO,2026-04-26 00:00:39.559238,2026-04-26 00:04:39.444169,5,5,5,0,0.0,1.0
VLT-Linha 1,B35T020D00207092,0.0,0.0,2026-04-26,ABERTO,2026-04-26 00:00:39.744287,2026-04-26 00:04:39.603239,5,5,5,0,0.0,1.0
VLT-Linha 1,B35T020D00210609,0.0,0.0,2026-04-26,ABERTO,2026-04-26 00:00:39.748523,2026-04-26 00:04:39.419477,5,5,5,0,0.0,1.0
VLT-Linha 1,B35T020D00204184,0.0,0.0,2026-04-26,ABERTO,2026-04-26 00:00:41.779704,2026-04-26 00:04:41.664811,5,5,5,0,0.0,1.0
VLT-Linha 1,B35T020D00208492,0.0,0.0,2026-04-26,ABERTO,2026-04-26 00:00:44.636311,2026-04-26 00:04:44.617439,5,5,5,0,0.0,1.0
VLT-Linha 1,B35T020D00204581,0.0,0.0,2026-04-26,ABERTO,2026-04-26 00:00:38.025962,2026-04-26 00:04:37.96405,5,5,5,0,0.0,1.0
VLT-Linha 1,B35T020D00202397,0.0,0.0,2026-04-26,ABERTO,2026-04-26 00:00:39.457317,2026-04-26 00:04:39.090679,5,5,5,0,0.0,1.0
VLT-Linha 1,B35T020D00208028,0.0,0.0,2026-04-26,ABERTO,2026-04-26 00:00:54.962745,2026-04-26 00:04:55.272305,5,5,5,0,0.0,1.0
VLT-Linha 1,B35T020D00209095,0.0,0.0,2026-04-26,ABERTO,2026-04-26 00:00:53.094581,2026-04-26 00:04:53.273914,5,5,5,0,0.0,1.0
VLT-Linha 1,B35T020D00204350,0.0,0.0,2026-04-26,ABERTO,2026-04-26 00:00:48.707558,2026-04-26 00:04:48.822616,5,5,5,0,0.0,1.0
VLT-Linha 1,B35T020D00204961,0.0,0.0,2026-04-26,ABERTO,2026-04-26 00:00:53.958289,2026-04-26 00:04:54.133419,5,5,5,0,0.0,1.0
VLT-Linha 1,B35T020D00205893,0.0,0.0,2026-04-26,ABERTO,2026-04-26 00:00:46.625091,2026-04-26 00:04:46.539488,5,5,5,0,0.0,1.0
VLT-Linha 1,B35T020D00206046,0.0,0.0,2026-04-26,ABERTO,2026-04-26 00:00:48.094129,2026-04-26 00:04:48.351082,5,5,5,0,0.0,1.0
VLT-Linha 1,B35T020D00204515,0.0,0.0,2026-04-26,ABERTO,2026-04-26 00:00:57.382431,2026-04-26 00:04:57.777256,5,5,5,0,0.0,1.0
VLT-Linha 1,B35T020D00209193,0.0,0.0,2026-04-26,ABERTO,2026-04-26 00:00:48.357353,2026-04-26 00:04:48.523636,5,5,5,0,0.0,1.0
VLT-Linha 1,B35T020D00206175,0.0,0.0,2026-04-26,ABERTO,2026-04-26 00:00:56.798817,2026-04-26 00:04:56.919801,5,5,5,0,0.0,1.0
VLT-Linha 1,B35T020D00204178,0.0,0.0,2026-04-26,ABERTO,2026-04-26 00:00:42.158914,2026-04-26 00:04:42.079308,5,5,5,0,0.0,1.0
VLT-Linha 1,B35T020D00207084,0.0,0.0,2026-04-26,ABERTO,2026-04-26 00:00:41.081454,2026-04-26 00:04:40.892128,5,5,5,0,0.0,1.0
VLT-Linha 1,B35T020D00208495,0.0,0.0,2026-04-26,ABERTO,2026-04-26 00:00:45.306922,2026-04-26 00:04:45.320105,5,5,5,0,0.0,1.0
VLT-Linha 1,B35T020D00202396,0.0,0.0,2026-04-26,ABERTO,2026-04-26 00:00:41.463066,2026-04-26 00:04:41.110453,5,5,5,0,0.0,1.0
VLT-Linha 1,B35T020D00206043,0.0,0.0,2026-04-26,ABERTO,2026-04-26 00:00:51.920055,2026-04-26 00:04:51.852445,5,5,5,0,0.0,1.0
VLT-Linha 1,B35T020D00209940,0.0,0.0,2026-04-26,ABERTO,2026-04-26 00:00:42.057388,2026-04-26 00:04:41.874235,5,5,5,0,0.0,1.0
VLT-Linha 1,B35T020D00205897,0.0,0.0,2026-04-26,ABERTO,2026-04-26 00:00:46.251071,2026-04-26 00:04:46.619165,5,5,5,0,0.0,1.0
VLT-Linha 1,B35T020D00205147,0.0,0.0,2026-04-26,ABERTO,2026-04-26 00:00:57.111654,2026-04-26 00:04:57.111573,5,5,5,0,0.0,1.0
VLT-Linha 1,B35T020D00201115,0.0,0.0,2026-04-26,ABERTO,2026-04-26 00:00:43.832975,2026-04-26 00:04:44.019654,5,5,5,0,0.0,1.0
VLT-Linha 1,B35T020D00204655,0.0,0.0,2026-04-26,ABERTO,2026-04-26 00:00:49.076753,2026-04-26 00:04:49.447123,5,5,5,0,0.0,1.0
VLT-Linha 1,B35T020D00209714,0.0,0.0,2026-04-26,ABERTO,2026-04-26 00:00:35.981187,2026-04-26 00:04:35.492892,5,5,5,0,0.0,1.0
VLT-Linha 1,B35T020D00208981,0.0,0.0,2026-04-26,ABERTO,2026-04-26 00:00:54.790261,2026-04-26 00:04:55.108727,5,5,5,0,0.0,1.0
VLT-Linha 1,B35T020D00202399,0.0,0.0,2026-04-26,ABERTO,2026-04-26 00:00:39.235551,2026-04-26 00:04:39.0712,5,5,5,0,0.0,1.0
VLT-Linha 1,B35T020D00200824,0.0,0.0,2026-04-26,ABERTO,2026-04-26 00:00:50.502054,2026-04-26 00:04:50.902147,5,5,5,0,0.0,1.0
VLT-Linha 1,B35T020D00205072,0.0,0.0,2026-04-26,ABERTO,2026-04-26 00:00:55.481154,2026-04-26 00:04:55.899059,5,5,5,0,0.0,1.0
VLT-Linha 1,B35T020D00208386,0.0,0.0,2026-04-26,ABERTO,2026-04-26 00:00:41.365835,2026-04-26 00:04:41.398183,5,5,5,0,0.0,1.0
VLT-Linha 1,B35T020D00209944,0.0,0.0,2026-04-26,ABERTO,2026-04-26 00:00:37.864284,2026-04-26 00:04:37.902734,5,5,5,0,0.0,1.0
VLT-Linha 1,B35T020D00209717,0.0,0.0,2026-04-26,ABERTO,2026-04-26 00:00:37.597391,2026-04-26 00:04:37.402326,5,5,5,0,0.0,1.0
VLT-Linha 1,B35T020D00207314,0.0,0.0,2026-04-26,ABERTO,2026-04-26 00:00:41.14903,2026-04-26 00:04:40.917098,5,5,5,0,0.0,1.0
VLT-Linha 1,B35T020D00209266,0.0,0.0,2026-04-26,ABERTO,2026-04-26 00:00:39.630388,2026-04-26 00:04:39.630013,5,5,5,0,0.0,1.0
VLT-Linha 1,B35T020D00204341,0.0,0.0,2026-04-26,ABERTO,2026-04-26 00:00:52.948747,2026-04-26 00:04:53.442808,5,5,5,0,0.0,1.0
VLT-Linha 1,B35T020D00208915,0.0,0.0,2026-04-26,ABERTO,2026-04-26 00:00:35.482762,2026-04-26 00:04:35.331672,5,5,5,0,0.0,1.0
VLT-Linha 1,B35T020D00200827,0.0,0.0,2026-04-26,ABERTO,2026-04-26 00:00:43.62168,2026-04-26 00:04:43.954845,5,5,5,0,0.0,1.0
VLT-Linha 1,B35T020D00209457,0.0,0.0,2026-04-26,ABERTO,2026-04-26 00:00:36.448246,2026-04-26 00:04:36.533094,5,5,5,0,0.0,1.0
VLT-Linha 1,B35T020D00209562,0.0,0.0,2026-04-26,ABERTO,2026-04-26 00:00:55.617734,2026-04-26 00:04:55.61954,5,5,5,0,0.0,1.0
VLT-Linha 1,B35T020D00209132,0.0,0.0,2026-04-26,ABERTO,2026-04-26 00:00:38.032808,2026-04-26 00:04:38.605163,5,5,5,0,0.0,1.0
VLT-Linha 1,B35T020D00209359,0.0,0.0,2026-04-26,ABERTO,2026-04-26 00:00:54.410959,2026-04-26 00:04:54.747513,5,5,5,0,0.0,1.0
VLT-Linha 1,B35T020D00203156,0.0,0.0,2026-04-26,ABERTO,2026-04-26 00:00:49.662965,2026-04-26 00:04:49.872019,5,5,5,0,0.0,1.0
VLT-Linha 1,B35T020D00209076,0.0,0.0,2026-04-26,ABERTO,2026-04-26 00:00:40.155674,2026-04-26 00:04:40.209058,5,5,5,0,0.0,1.0
VLT-Linha 1,B35T020D00203863,0.0,0.0,2026-04-26,ABERTO,2026-04-26 00:00:48.712898,2026-04-26 00:04:48.839085,5,5,5,0,0.0,1.0
VLT-Linha 1,B35T020D00208116,0.0,0.0,2026-04-26,ABERTO,2026-04-26 00:00:47.976616,2026-04-26 00:04:48.010866,5,5,5,0,0.0,1.0
VLT-Linha 1,B35T020D00209188,0.0,0.0,2026-04-26,ABERTO,2026-04-26 00:00:57.593637,2026-04-26 00:04:57.917439,5,5,5,0,0.0,1.0
VLT-Linha 1,B35T020D00208391,0.0,0.0,2026-04-26,ABERTO,2026-04-26 00:00:38.482081,2026-04-26 00:04:38.257569,5,5,5,0,0.0,1.0
VLT-Linha 1,B35T020D00207094,0.0,0.0,2026-04-26,ABERTO,2026-04-26 00:00:40.509055,2026-04-26 00:04:40.293781,5,5,5,0,0.0,1.0
VLT-Linha 1,B35T020D00204454,0.0,0.0,2026-04-26,ABERTO,2026-04-26 00:00:37.849649,2026-04-26 00:04:37.658944,5,5,5,0,0.0,1.0
VLT-Linha 1,B35T020D00208615,0.0,0.0,2026-04-26,ABERTO,2026-04-26 00:00:56.066034,2026-04-26 00:04:56.532727,5,5,5,0,0.0,1.0
VLT-Linha 1,B35T020D00206518,0.0,0.0,2026-04-26,ABERTO,2026-04-26 00:00:55.999112,2026-04-26 00:04:56.249001,5,5,5,0,0.0,1.0
VLT-Linha 1,B35T020D00205734,0.0,0.0,2026-04-26,ABERTO,2026-04-26 00:00:40.021253,2026-04-26 00:04:40.12115,5,5,5,0,0.0,1.0
VLT-Linha 1,B35T020D00208027,0.0,0.0,2026-04-26,ABERTO,2026-04-26 00:00:54.40663,2026-04-26 00:04:54.361895,5,5,5,0,0.0,1.0
VLT-Linha 1,B35T020D00204052,0.0,0.0,2026-04-26,ABERTO,2026-04-26 00:00:57.921013,2026-04-26 00:04:58.156653,5,5,5,0,0.0,1.0
VLT-Linha 1,B35T020D00205882,0.0,0.0,2026-04-26,ABERTO,2026-04-26 00:00:46.196438,2026-04-26 00:04:46.218283,5,5,5,0,0.0,1.0
VLT-Linha 1,B35T020D00210608,0.0,0.0,2026-04-26,ABERTO,2026-04-26 00:00:54.61764,2026-04-26 00:04:54.790321,5,5,5,0,0.0,1.0
VLT-Linha 1,B35T020D00206996,0.0,0.0,2026-04-26,ABERTO,2026-04-26 00:00:41.004618,2026-04-26 00:04:41.011525,5,5,5,0,0.0,1.0
VLT-Linha 1,B35T020D00205894,0.0,0.0,2026-04-26,ABERTO,2026-04-26 00:00:47.066861,2026-04-26 00:04:47.274495,5,5,5,0,0.0,1.0
VLT-Linha 1,B35T020D00205071,0.0,0.0,2026-04-26,ABERTO,2026-04-26 00:00:38.562477,2026-04-26 00:04:38.500941,5,5,5,0,0.0,1.0
VLT-Linha 1,B35T020D00209135,0.0,0.0,2026-04-26,ABERTO,2026-04-26 00:00:34.124333,2026-04-26 00:04:33.986344,5,5,5,0,0.0,1.0
VLT-Linha 1,B35T020D00209096,0.0,0.0,2026-04-26,ABERTO,2026-04-26 00:00:53.079278,2026-04-26 00:04:53.050132,5,5,5,0,0.0,1.0
VLT-Linha 1,B35T020D00209030,0.0,0.0,2026-04-26,ABERTO,2026-04-26 00:00:52.505519,2026-04-26 00:04:52.696869,5,5,5,0,0.0,1.0
VLT-Linha 1,B35T020D00209899,0.0,0.0,2026-04-26,ABERTO,2026-04-26 00:00:36.792243,2026-04-26 00:04:36.484226,5,5,5,0,0.0,1.0
VLT-Linha 1,B35T020D00206289,0.0,0.0,2026-04-26,ABERTO,2026-04-26 00:00:39.626847,2026-04-26 00:04:39.644062,5,5,5,0,0.0,1.0
VLT-Linha 1,B35T020D00208662,0.0,0.0,2026-04-26,ABERTO,2026-04-26 00:00:55.655222,2026-04-26 00:04:55.796004,5,5,5,0,0.0,1.0
VLT-Linha 1,B35T020D00209078,0.0,0.0,2026-04-26,ABERTO,2026-04-26 00:00:35.643901,2026-04-26 00:04:35.609451,5,5,5,0,0.0,1.0
VLT-Linha 1,B35T020D00208121,0.0,0.0,2026-04-26,ABERTO,2026-04-26 00:00:49.943938,2026-04-26 00:04:50.504051,5,5,5,0,0.0,1.0
VLT-Linha 1,B35T020D00208118,0.0,0.0,2026-04-26,ABERTO,2026-04-26 00:00:47.300145,2026-04-26 00:04:47.431232,5,5,5,0,0.0,1.0
VLT-Linha 1,B35T020D00205816,0.0,0.0,2026-04-26,ABERTO,2026-04-26 00:00:37.31203,2026-04-26 00:04:37.249826,5,5,5,0,0.0,1.0
VLT-Linha 1,B35T020D00209850,0.0,0.0,2026-04-26,ABERTO,2026-04-26 00:00:49.569666,2026-04-26 00:04:49.686581,5,5,5,0,0.0,1.0
VLT-Linha 1,B35T020D00209263,0.0,0.0,2026-04-26,ABERTO,2026-04-26 00:00:34.879683,2026-04-26 00:04:34.922119,5,5,5,0,0.0,1.0
VLT-Linha 1,B35T020D00201620,0.0,0.0,2026-04-26,ABERTO,2026-04-26 00:00:44.987298,2026-04-26 00:04:45.06263,5,5,5,0,0.0,1.0
VLT-Linha 1,B35T020D00209201,0.0,0.0,2026-04-26,ABERTO,2026-04-26 00:00:51.878577,2026-04-26 00:04:52.045716,5,5,5,0,0.0,1.0
VLT-Linha 1,B35T020D00203911,0.0,0.0,2026-04-26,ABERTO,2026-04-26 00:00:42.76556,2026-04-26 00:04:43.104792,5,5,5,0,0.0,1.0
VLT-Linha 1,B35T020D00209191,0.0,0.0,2026-04-26,ABERTO,2026-04-26 00:00:56.761968,2026-04-26 00:04:56.718693,5,5,5,0,0.0,1.0
VLT-Linha 1,B35T020D00208388,0.0,0.0,2026-04-26,ABERTO,2026-04-26 00:00:38.457761,2026-04-26 00:04:38.297511,5,5,5,0,0.0,1.0
VLT-Linha 1,B35T020D00209361,0.0,0.0,2026-04-26,ABERTO,2026-04-26 00:00:57.723334,2026-04-26 00:04:57.925201,5,5,5,0,0.0,1.0
VLT-Linha 1,B35T020D00206042,0.0,0.0,2026-04-26,ABERTO,2026-04-26 00:00:56.437379,2026-04-26 00:04:56.439834,5,5,5,0,0.0,1.0
VLT-Linha 1,B35T020D00209762,0.0,0.0,2026-04-26,ABERTO,2026-04-26 00:00:37.997073,2026-04-26 00:04:37.837024,5,5,5,0,0.0,1.0
VLT-Linha 1,B35T020D00204013,0.0,0.0,2026-04-26,ABERTO,2026-04-26 00:00:54.827607,2026-04-26 00:04:55.227024,5,5,5,0,0.0,1.0
VLT-Linha 1,B35T020D00208491,0.0,0.0,2026-04-26,ABERTO,2026-04-26 00:00:58.773558,2026-04-26 00:04:58.723375,5,5,5,0,0.0,1.0
VLT-Linha 1,B35T020D00204176,0.0,0.0,2026-04-26,ABERTO,2026-04-26 00:00:43.932239,2026-04-26 00:04:44.171391,5,5,5,0,0.0,1.0
VLT-Linha 1,B35T020D00209943,0.0,0.0,2026-04-26,ABERTO,2026-04-26 00:00:41.492819,2026-04-26 00:04:41.50182,5,5,5,0,0.0,1.0
VLT-Linha 1,B35T020D00208232,0.0,0.0,2026-04-26,ABERTO,2026-04-26 00:00:43.294543,2026-04-26 00:04:43.428548,5,5,5,0,0.0,1.0
VLT-Linha 1,B35T020D00208985,0.0,0.0,2026-04-26,ABERTO,2026-04-26 00:00:58.787193,2026-04-26 00:04:59.054167,5,5,5,0,0.0,1.0
VLT-Linha 1,B35T020D00208075,0.0,0.0,2026-04-26,ABERTO,2026-04-26 00:00:54.560193,2026-04-26 00:04:54.637992,5,5,5,0,0.0,1.0
VLT-Linha 1,B35T020D00208882,0.0,0.0,2026-04-26,ABERTO,2026-04-26 00:00:34.437651,2026-04-26 00:04:34.505598,5,5,5,0,0.0,1.0
VLT-Linha 1,B35T020D00209363,0.0,0.0,2026-04-26,ABERTO,2026-04-26 00:00:54.663682,2026-04-26 00:04:55.025549,5,5,5,0,0.0,1.0
VLT-Linha 1,B35T020D00209996,0.0,0.0,2026-04-26,ABERTO,2026-04-26 00:00:41.023243,2026-04-26 00:04:41.214764,5,5,5,0,0.0,1.0
VLT-Linha 1,B35T020D00209961,0.0,0.0,2026-04-26,ABERTO,2026-04-26 00:00:47.103897,2026-04-26 00:04:47.29677,5,5,5,0,0.0,1.0
VLT-Linha 1,B35T020D00202344,0.0,0.0,2026-04-26,ABERTO,2026-04-26 00:00:53.112697,2026-04-26 00:04:53.331455,5,5,5,0,0.0,1.0
VLT-Linha 1,B35T020D00208317,0.0,0.0,2026-04-26,ABERTO,2026-04-26 00:00:43.584596,2026-04-26 00:04:43.921692,5,5,5,0,0.0,1.0
VLT-Linha 1,B35T020D00209959,0.0,0.0,2026-04-26,ABERTO,2026-04-26 00:00:49.098001,2026-04-26 00:04:49.088586,5,5,5,0,0.0,1.0
VLT-Linha 1,B35T020D00209999,0.0,0.0,2026-04-26,ABERTO,2026-04-26 00:00:51.972845,2026-04-26 00:04:52.209356,5,5,5,0,0.0,1.0
VLT-Linha 1,B35T020D00202562,0.0,0.0,2026-04-26,ABERTO,2026-04-26 00:00:47.918726,2026-04-26 00:04:48.030793,5,5,5,0,0.0,1.0
VLT-Linha 1,B35T020D00209998,0.0,0.0,2026-04-26,ABERTO,2026-04-26 00:00:40.524883,2026-04-26 00:04:40.632833,5,5,5,0,0.0,1.0
VLT-Linha 1,B35T020D00208490,0.0,0.0,2026-04-26,ABERTO,2026-04-26 00:00:37.136561,2026-04-26 00:04:37.461496,5,5,5,0,0.0,1.0
VLT-Linha 1,B35T020D00208984,0.0,0.0,2026-04-26,ABERTO,2026-04-26 00:00:52.754696,2026-04-26 00:04:52.885841,5,5,5,0,0.0,1.0
VLT-Linha 1,B35T020D00208387,0.0,0.0,2026-04-26,ABERTO,2026-04-26 00:00:37.448086,2026-04-26 00:04:37.334639,5,5,5,0,0.0,1.0
VLT-Linha 1,B35T020D00209094,0.0,0.0,2026-04-26,ABERTO,2026-04-26 00:00:52.307471,2026-04-26 00:04:52.317305,5,5,5,0,0.0,1.0
VLT-Linha 1,B35T020D00207317,0.0,0.0,2026-04-26,ABERTO,2026-04-26 00:00:40.724979,2026-04-26 00:04:40.8015,5,5,5,0,0.0,1.0
VLT-Linha 1,B35T020D00209900,0.0,0.0,2026-04-26,ABERTO,2026-04-26 00:00:34.916087,2026-04-26 00:04:35.106832,5,5,5,0,0.0,1.0
VLT-Linha 1,B35T020D00205735,0.0,0.0,2026-04-26,ABERTO,2026-04-26 00:00:39.168921,2026-04-26 00:04:39.054119,5,5,5,0,0.0,1.0
VLT-Linha 1,B35T020D00209199,0.0,0.0,2026-04-26,ABERTO,2026-04-26 00:00:55.554381,2026-04-26 00:04:55.744984,5,5,5,0,0.0,1.0
VLT-Linha 1,B35T020D00209083,0.0,0.0,2026-04-26,ABERTO,2026-04-26 00:00:38.915148,2026-04-26 00:04:38.758778,5,5,5,0,0.0,1.0
VLT-Linha 1,B35T020D00209765,0.0,0.0,2026-04-26,ABERTO,2026-04-26 00:00:52.183064,2026-04-26 00:04:52.155034,5,5,5,0,0.0,1.0
VLT-Linha 1,B35T020D00202340,0.0,0.0,2026-04-26,ABERTO,2026-04-26 00:00:29.529751,2026-04-26 00:04:29.495288,5,5,5,0,0.0,1.0
VLT-Linha 1,B35T020D00206517,0.0,0.0,2026-04-26,ABERTO,2026-04-26 00:00:46.711471,2026-04-26 00:04:46.948967,5,5,5,0,0.0,1.0
VLT-Linha 1,B35T020D00208030,0.0,0.0,2026-04-26,ABERTO,2026-04-26 00:00:53.561503,2026-04-26 00:04:53.745257,5,5,5,0,0.0,1.0
VLT-Linha 1,B35T020D00204422,0.0,0.0,2026-04-26,ABERTO,2026-04-26 00:00:43.400639,2026-04-26 00:04:43.282056,5,5,5,0,0.0,1.0
VLT-Linha 2,B35T020D00209903,-22.89885561,-43.21157771,2026-04-26,FECHADO,2026-04-26 00:00:11.926543,2026-04-26 00:04:11.787446,5,5,5,5,1.0,1.0
VLT-Linha 2,B35T020D00209205,-22.89885535,-43.2115707,2026-04-26,FECHADO,2026-04-26 00:00:01.211708,2026-04-26 00:04:01.266308,5,5,5,5,1.0,1.0
VLT-Linha 2,B35T020D00208801,-22.89888542,-43.21155699,2026-04-26,FECHADO,2026-04-26 00:00:10.4485,2026-04-26 00:04:10.211554,5,5,5,5,1.0,1.0
VLT-Linha 2,B35T020D00210006,-22.89887433,-43.21155675,2026-04-26,FECHADO,2026-04-26 00:00:17.967922,2026-04-26 00:04:17.965748,5,5,5,5,1.0,1.0
VLT-Linha 2,B35T020D00209290,-22.89886135,-43.21155016,2026-04-26,FECHADO,2026-04-26 00:00:20.471685,2026-04-26 00:04:20.411823,5,5,5,5,1.0,1.0
VLT-Linha 2,B35T020D00208773,-22.89885867,-43.21152938,2026-04-26,FECHADO,2026-04-26 00:00:14.236191,2026-04-26 00:04:14.115306,5,5,5,5,1.0,1.0
VLT-Linha 2,B35T020D00209793,-22.89888133,-43.21151072,2026-04-26,FECHADO,2026-04-26 00:00:22.94988,2026-04-26 00:04:22.85473,5,5,5,5,1.0,1.0
VLT-Linha 2,B35T020D00206829,-22.89886448,-43.211503,2026-04-26,FECHADO,2026-04-26 00:00:21.584364,2026-04-26 00:04:21.417832,5,5,5,5,1.0,1.0
VLT-Linha 2,B35T020D00206828,-22.89885635,-43.21149731,2026-04-26,FECHADO,2026-04-26 00:00:22.763531,2026-04-26 00:04:22.300748,5,5,5,5,1.0,1.0
VLT-Linha 2,B35T020D00209898,-22.89880812,-43.21148088,2026-04-26,FECHADO,2026-04-26 00:00:37.692463,2026-04-26 00:04:37.685129,5,5,5,5,1.0,1.0
VLT-Linha 2,B35T020D00207354,-22.8988612,-43.21147894,2026-04-26,FECHADO,2026-04-26 00:00:19.623538,2026-04-26 00:04:19.66897,5,5,5,5,1.0,1.0
VLT-Linha 2,B35T020D00210009,-22.89887972,-43.21145341,2026-04-26,FECHADO,2026-04-26 00:00:20.314412,2026-04-26 00:04:20.228436,5,5,5,5,1.0,1.0
VLT-Linha 2,B35T020D00209207,-22.89886722,-43.21144057,2026-04-26,FECHADO,2026-04-26 00:00:19.189771,2026-04-26 00:04:19.096755,5,5,5,5,1.0,1.0
VLT-Linha 3,B35T020D00208939,-22.89898596,-43.20099353,2026-04-26,ABERTO,2026-04-26 00:00:41.809326,2026-04-26 00:04:41.707568,5,5,5,5,1.0,1.0
VLT-Linha 3,B35T020D00208771,-22.8989622,-43.20010785,2026-04-26,ABERTO,2026-04-26 00:00:46.300171,2026-04-26 00:04:46.562961,5,5,5,5,1.0,1.0
VLT-Linha 3,B35T020D00208938,-22.89853246,-43.19986246,2026-04-26,ABERTO,2026-04-26 00:00:46.21163,2026-04-26 00:04:45.954035,5,5,5,5,1.0,1.0
VLT-Linha 3,B35T020D00208497,-22.89829041,-43.19974383,2026-04-26,ABERTO,2026-04-26 00:00:16.539231,2026-04-26 00:04:16.53797,5,5,5,5,1.0,1.0
VLT-Linha 3,B35T020D00208784,-22.89869114,-43.19973511,2026-04-26,ABERTO,2026-04-26 00:00:15.404407,2026-04-26 00:04:15.307108,5,5,5,5,1.0,1.0
VLT-Linha 3,B35T020D00209565,-22.89875564,-43.19965579,2026-04-26,ABERTO,2026-04-26 00:00:47.740267,2026-04-26 00:04:47.554292,5,5,5,5,1.0,1.0
VLT-Linha 3,B35T020D00208360,-22.89921572,-43.19959425,2026-04-26,ABERTO,2026-04-26 00:00:12.769363,2026-04-26 00:04:12.547461,5,5,5,5,1.0,1.0
VLT-Linha 3,B35T020D00209980,-22.89867005,-43.19958828,2026-04-26,ABERTO,2026-04-26 00:00:43.003744,2026-04-26 00:04:41.755735,5,5,5,5,1.0,1.0
VLT-Linha 3,B35T020D00208489,-22.89876292,-43.19954558,2026-04-26,ABERTO,2026-04-26 00:00:46.004707,2026-04-26 00:04:46.307364,5,5,5,5,1.0,1.0
VLT-Linha 3,B35T020D00207869,-22.89857936,-43.19945983,2026-04-26,ABERTO,2026-04-26 00:00:32.562374,2026-04-26 00:04:32.400917,5,5,5,5,1.0,1.0
VLT-Linha 3,B35T020D00207867,-22.89885801,-43.1994589,2026-04-26,ABERTO,2026-04-26 00:00:46.482157,2026-04-26 00:04:46.64372,5,5,5,5,1.0,1.0
VLT-Linha 3,B35T020D00205820,-22.89910106,-43.19943376,2026-04-26,ABERTO,2026-04-26 00:00:46.206054,2026-04-26 00:04:46.232645,5,5,5,5,1.0,1.0
VLT-Linha 3,B35T020D00209438,-22.89890578,-43.19935683,2026-04-26,ABERTO,2026-04-26 00:00:44.778031,2026-04-26 00:04:44.847467,5,5,5,5,1.0,1.0
VLT-Linha 3,B35T020D00209309,-22.89935675,-43.19935216,2026-04-26,ABERTO,2026-04-26 00:00:12.852167,2026-04-26 00:04:12.943387,5,5,5,5,1.0,1.0
VLT-Linha 3,B35T020D00209440,-22.89947653,-43.19932273,2026-04-26,ABERTO,2026-04-26 00:00:14.106293,2026-04-26 00:04:13.942909,5,5,5,5,1.0,1.0
VLT-Linha 3,B35T020D00209362,-22.89951989,-43.19930681,2026-04-26,ABERTO,2026-04-26 00:00:50.646649,2026-04-26 00:04:50.863465,5,5,5,5,1.0,1.0
VLT-Linha 3,B35T020D00205761,-22.89945473,-43.19929441,2026-04-26,ABERTO,2026-04-26 00:00:16.615207,2026-04-26 00:04:16.301816,5,5,5,5,1.0,1.0
VLT-Linha 3,B35T020D00207262,-22.89946181,-43.19928736,2026-04-26,ABERTO,2026-04-26 00:00:15.183664,2026-04-26 00:04:15.293324,5,5,5,5,1.0,1.0
VLT-Linha 3,B35T020D00208667,-22.89950684,-43.19924775,2026-04-26,ABERTO,2026-04-26 00:00:19.338379,2026-04-26 00:04:19.480174,5,5,5,5,1.0,1.0
VLT-Linha 3,B35T020D00208944,-22.89951386,-43.19924412,2026-04-26,ABERTO,2026-04-26 00:00:17.11147,2026-04-26 00:04:16.720857,5,5,5,5,1.0,1.0
VLT-Linha 3,B35T020D00201845,-22.89959157,-43.19923311,2026-04-26,ABERTO,2026-04-26 00:00:12.090085,2026-04-26 00:04:12.069365,5,5,5,5,1.0,1.0
VLT-Linha 3,B35T020D00208787,-22.89956757,-43.19922458,2026-04-26,ABERTO,2026-04-26 00:00:13.246765,2026-04-26 00:04:13.051459,5,5,5,5,1.0,1.0
VLT-Linha 3,B35T020D00209281,-22.89931762,-43.19920773,2026-04-26,ABERTO,2026-04-26 00:00:12.407602,2026-04-26 00:04:12.16031,5,5,5,5,1.0,1.0
VLT-Linha 3,B35T020D00208231,-22.89894316,-43.19917172,2026-04-26,ABERTO,2026-04-26 00:00:44.758992,2026-04-26 00:04:44.990226,5,5,5,5,1.0,1.0
VLT-Linha 3,B35T020D00208941,-22.89943508,-43.19915282,2026-04-26,ABERTO,2026-04-26 00:00:55.941614,2026-04-26 00:04:56.133703,5,5,5,5,1.0,1.0
VLT-Linha 3,B35T020D00209389,-22.899605,-43.19911881,2026-04-26,ABERTO,2026-04-26 00:00:10.000056,2026-04-26 00:04:09.611297,5,5,5,5,1.0,1.0
VLT-Linha 3,B35T020D00206084,-22.89961029,-43.19911484,2026-04-26,ABERTO,2026-04-26 00:00:16.526061,2026-04-26 00:04:15.991104,5,5,5,5,1.0,1.0
VLT-Linha 3,B35T020D00207868,-22.89897367,-43.19911236,2026-04-26,ABERTO,2026-04-26 00:00:45.190884,2026-04-26 00:04:45.328441,5,5,5,5,1.0,1.0
VLT-Linha 3,B35T020D00207263,-22.89958271,-43.19909388,2026-04-26,ABERTO,2026-04-26 00:00:15.708147,2026-04-26 00:04:15.506669,5,5,5,5,1.0,1.0
VLT-Linha 3,B35T020D00209284,-22.8996236,-43.19906221,2026-04-26,ABERTO,2026-04-26 00:00:16.516522,2026-04-26 00:04:16.213702,5,5,5,5,1.0,1.0
VLT-Linha 3,B35T020D00209378,-22.89988673,-43.19903864,2026-04-26,ABERTO,2026-04-26 00:00:53.941067,2026-04-26 00:04:54.02195,5,5,5,5,1.0,1.0
VLT-Linha 3,B35T020D00208949,-22.89971609,-43.19902776,2026-04-26,ABERTO,2026-04-26 00:00:12.868059,2026-04-26 00:04:12.805484,5,5,5,5,1.0,1.0
VLT-Linha 3,B35T020D00210479,-22.89967937,-43.19901245,2026-04-26,ABERTO,2026-04-26 00:00:14.789727,2026-04-26 00:04:14.667799,5,5,5,5,1.0,1.0
VLT-Linha 3,B35T020D00208078,-22.89943567,-43.19900929,2026-04-26,ABERTO,2026-04-26 00:00:46.726586,2026-04-26 00:04:46.568193,5,5,5,5,1.0,1.0
VLT-Linha 3,B35T020D00208783,-22.89988635,-43.19898171,2026-04-26,ABERTO,2026-04-26 00:00:47.4452,2026-04-26 00:04:47.442532,5,5,5,5,1.0,1.0
VLT-Linha 3,B35T020D00204455,-22.89943348,-43.19897412,2026-04-26,ABERTO,2026-04-26 00:00:47.745068,2026-04-26 00:04:48.185212,5,5,5,5,1.0,1.0
VLT-Linha 3,B35T020D00208803,-22.89976967,-43.19896715,2026-04-26,ABERTO,2026-04-26 00:00:52.979882,2026-04-26 00:04:53.206863,5,5,5,5,1.0,1.0
VLT-Linha 3,B35T020D00206133,-22.89986531,-43.19893072,2026-04-26,ABERTO,2026-04-26 00:00:53.533063,2026-04-26 00:04:53.696302,5,5,5,5,1.0,1.0
VLT-Linha 3,B35T020D00210029,-22.89985979,-43.1989149,2026-04-26,ABERTO,2026-04-26 00:00:52.971265,2026-04-26 00:04:53.498186,5,5,5,5,1.0,1.0
VLT-Linha 3,B35T020D00209360,-22.8999646,-43.19888161,2026-04-26,ABERTO,2026-04-26 00:00:53.525874,2026-04-26 00:04:53.972344,5,5,5,5,1.0,1.0
VLT-Linha 3,B35T020D00205934,-22.90003266,-43.19887767,2026-04-26,ABERTO,2026-04-26 00:00:54.973027,2026-04-26 00:04:55.079344,5,5,5,5,1.0,1.0
VLT-Linha 3,B35T020D00208234,-22.9000719,-43.19885202,2026-04-26,ABERTO,2026-04-26 00:00:50.121592,2026-04-26 00:04:50.559025,5,5,5,5,1.0,1.0
VLT-Linha 3,B35T020D00209855,-22.89996969,-43.19884659,2026-04-26,ABERTO,2026-04-26 00:00:52.506761,2026-04-26 00:04:52.667466,5,5,5,5,1.0,1.0
VLT-Linha 3,B35T020D00205935,-22.89997016,-43.19884584,2026-04-26,ABERTO,2026-04-26 00:00:56.669334,2026-04-26 00:04:57.035266,5,5,5,5,1.0,1.0
VLT-Linha 3,B35T020D00206094,-22.89991082,-43.19883551,2026-04-26,ABERTO,2026-04-26 00:00:54.994112,2026-04-26 00:04:55.216335,5,5,5,5,1.0,1.0
VLT-Linha 3,B35T020D00208951,-22.89960844,-43.19882166,2026-04-26,ABERTO,2026-04-26 00:00:37.22409,2026-04-26 00:04:37.191428,5,5,5,5,1.0,1.0
VLT-Linha 3,B35T020D00210024,-22.9000272,-43.19881436,2026-04-26,ABERTO,2026-04-26 00:00:57.247367,2026-04-26 00:04:57.527433,5,5,5,5,1.0,1.0
VLT-Linha 3,B35T020D00209355,-22.90003789,-43.19880906,2026-04-26,ABERTO,2026-04-26 00:00:17.696403,2026-04-26 00:04:16.33701,5,5,5,5,1.0,1.0
VLT-Linha 3,B35T020D00208488,-22.90014379,-43.19880741,2026-04-26,ABERTO,2026-04-26 00:00:51.872896,2026-04-26 00:04:52.034936,5,5,5,5,1.0,1.0
VLT-Linha 3,B35T020D00209354,-22.90010229,-43.19877608,2026-04-26,ABERTO,2026-04-26 00:00:53.002292,2026-04-26 00:04:53.430726,5,5,5,5,1.0,1.0
VLT-Linha 3,B35T020D00209997,-22.90013887,-43.19877509,2026-04-26,ABERTO,2026-04-26 00:00:52.883842,2026-04-26 00:04:53.162243,5,5,5,5,1.0,1.0
VLT-Linha 3,B35T020D00209764,-22.90018674,-43.19876318,2026-04-26,ABERTO,2026-04-26 00:00:54.020735,2026-04-26 00:04:54.235292,5,5,5,5,1.0,1.0
VLT-Linha 3,B35T020D00206093,-22.90005932,-43.19875848,2026-04-26,ABERTO,2026-04-26 00:00:52.331286,2026-04-26 00:04:52.505219,5,5,5,5,1.0,1.0
VLT-Linha 3,B35T020D00205939,-22.90005549,-43.1987545,2026-04-26,ABERTO,2026-04-26 00:00:53.254467,2026-04-26 00:04:53.541912,5,5,5,5,1.0,1.0
VLT-Linha 3,B35T020D00209356,-22.90013781,-43.19872288,2026-04-26,ABERTO,2026-04-26 00:00:52.877317,2026-04-26 00:04:53.21831,5,5,5,5,1.0,1.0
VLT-Linha 3,B35T020D00208786,0.0,0.0,2026-04-26,ABERTO,2026-04-26 00:00:11.088373,2026-04-26 00:04:11.053393,5,5,5,0,0.0,1.0
VLT-Linha 4,B35T020D00209101,-22.89876047,-43.19985112,2026-04-26,ABERTO,2026-04-26 00:00:44.794008,2026-04-26 00:04:45.122238,5,5,5,5,1.0,1.0
VLT-Linha 4,B35T020D00209358,-22.89919967,-43.19981695,2026-04-26,ABERTO,2026-04-26 00:00:40.875858,2026-04-26 00:04:40.789471,5,5,5,5,1.0,1.0
VLT-Linha 4,B35T020D00200821,-22.89895692,-43.19976546,2026-04-26,ABERTO,2026-04-26 00:00:08.843231,2026-04-26 00:04:08.800427,5,5,5,5,1.0,1.0
VLT-Linha 4,B35T020D00209937,-22.89910416,-43.19961034,2026-04-26,ABERTO,2026-04-26 00:00:39.364708,2026-04-26 00:04:39.363727,5,5,5,5,1.0,1.0
VLT-Linha 4,B35T020D00207745,-22.89912851,-43.19960329,2026-04-26,ABERTO,2026-04-26 00:00:39.457574,2026-04-26 00:04:39.308372,5,5,5,5,1.0,1.0
VLT-Linha 4,B35T020D00209963,-22.90033829,-43.19946472,2026-04-26,ABERTO,2026-04-26 00:00:48.007181,2026-04-26 00:04:48.03657,5,5,5,5,1.0,1.0
VLT-Linha 4,B35T020D00208866,-22.89947612,-43.19936061,2026-04-26,ABERTO,2026-04-26 00:00:42.849608,2026-04-26 00:04:42.671993,5,5,5,5,1.0,1.0
VLT-Linha 4,B35T020D00209935,-22.89942923,-43.19932885,2026-04-26,ABERTO,2026-04-26 00:00:41.668053,2026-04-26 00:04:41.523112,5,5,5,5,1.0,1.0
VLT-Linha 4,B35T020D00209939,-22.89943796,-43.19932825,2026-04-26,ABERTO,2026-04-26 00:00:42.778818,2026-04-26 00:04:43.176038,5,5,5,5,1.0,1.0
VLT-Linha 4,B35T020D00209938,-22.89944406,-43.19931708,2026-04-26,ABERTO,2026-04-26 00:00:39.151996,2026-04-26 00:04:39.081072,5,5,5,5,1.0,1.0
VLT-Linha 4,B35T020D00208719,-22.89943102,-43.19930557,2026-04-26,ABERTO,2026-04-26 00:00:41.605552,2026-04-26 00:04:41.871384,5,5,5,5,1.0,1.0
VLT-Linha 4,B35T020D00208940,-22.89951586,-43.19930028,2026-04-26,ABERTO,2026-04-26 00:00:39.685824,2026-04-26 00:04:39.327217,5,5,5,5,1.0,1.0
VLT-Linha 4,B35T020D00209289,-22.89970067,-43.19929962,2026-04-26,ABERTO,2026-04-26 00:00:50.811166,2026-04-26 00:04:50.98313,5,5,5,5,1.0,1.0
VLT-Linha 4,B35T020D00209035,-22.89947538,-43.1992847,2026-04-26,ABERTO,2026-04-26 00:00:44.254577,2026-04-26 00:04:44.25452,5,5,5,5,1.0,1.0
VLT-Linha 4,B35T020D00208390,-22.89950495,-43.19928451,2026-04-26,ABERTO,2026-04-26 00:00:41.744143,2026-04-26 00:04:41.342499,5,5,5,5,1.0,1.0
VLT-Linha 4,B35T020D00207866,-22.89961281,-43.19927041,2026-04-26,ABERTO,2026-04-26 00:00:47.704951,2026-04-26 00:04:48.085281,5,5,5,5,1.0,1.0
VLT-Linha 4,B35T020D00208802,-22.89944071,-43.19925945,2026-04-26,ABERTO,2026-04-26 00:00:43.518936,2026-04-26 00:04:43.686182,5,5,5,5,1.0,1.0
VLT-Linha 4,B35T020D00208496,-22.89947984,-43.19924093,2026-04-26,ABERTO,2026-04-26 00:00:41.353522,2026-04-26 00:04:41.198604,5,5,5,5,1.0,1.0
VLT-Linha 4,B35T020D00208774,-22.89950968,-43.19923404,2026-04-26,ABERTO,2026-04-26 00:00:42.049775,2026-04-26 00:04:41.875555,5,5,5,5,1.0,1.0
VLT-Linha 4,B35T020D00209098,-22.89942141,-43.19922929,2026-04-26,ABERTO,2026-04-26 00:00:42.342372,2026-04-26 00:04:42.062158,5,5,5,5,1.0,1.0
VLT-Linha 4,B35T020D00207746,-22.89963286,-43.19918916,2026-04-26,ABERTO,2026-04-26 00:00:44.717906,2026-04-26 00:04:44.79175,5,5,5,5,1.0,1.0
VLT-Linha 4,B35T020D00208618,-22.89970104,-43.19916369,2026-04-26,ABERTO,2026-04-26 00:00:50.625532,2026-04-26 00:04:50.790154,5,5,5,5,1.0,1.0
VLT-Linha 4,B35T020D00209451,-22.8998479,-43.19914886,2026-04-26,ABERTO,2026-04-26 00:00:47.418583,2026-04-26 00:04:47.418459,5,5,5,5,1.0,1.0
VLT-Linha 4,B35T020D00208869,-22.89966007,-43.19914054,2026-04-26,ABERTO,2026-04-26 00:00:59.536667,2026-04-26 00:04:59.816433,5,5,5,5,1.0,1.0
VLT-Linha 4,B35T020D00206265,-22.89988629,-43.1991165,2026-04-26,ABERTO,2026-04-26 00:00:47.658176,2026-04-26 00:04:47.938236,5,5,5,5,1.0,1.0
VLT-Linha 4,B35T020D00208614,-22.89979896,-43.19908533,2026-04-26,ABERTO,2026-04-26 00:00:47.827126,2026-04-26 00:04:48.099722,5,5,5,5,1.0,1.0
VLT-Linha 4,B35T020D00205727,-22.89980774,-43.19905844,2026-04-26,ABERTO,2026-04-26 00:00:47.052719,2026-04-26 00:04:47.393281,5,5,5,5,1.0,1.0
VLT-Linha 4,B35T020D00208952,-22.89998039,-43.19904816,2026-04-26,ABERTO,2026-04-26 00:00:54.924397,2026-04-26 00:04:55.00617,5,5,5,5,1.0,1.0
VLT-Linha 4,B35T020D00209853,-22.89966805,-43.19899764,2026-04-26,ABERTO,2026-04-26 00:00:47.942165,2026-04-26 00:04:48.420069,5,5,5,5,1.0,1.0
VLT-Linha 4,B35T020D00208619,-22.8997882,-43.19897229,2026-04-26,ABERTO,2026-04-26 00:00:47.375645,2026-04-26 00:04:47.440952,5,5,5,5,1.0,1.0
VLT-Linha 4,B35T020D00209307,-22.90056376,-43.1989423,2026-04-26,ABERTO,2026-04-26 00:00:45.663678,2026-04-26 00:04:45.870693,5,5,5,5,1.0,1.0
VLT-Linha 4,B35T020D00208867,-22.90011761,-43.19893298,2026-04-26,ABERTO,2026-04-26 00:00:46.248897,2026-04-26 00:04:46.169646,5,5,5,5,1.0,1.0
VLT-Linha 4,B35T020D00209760,-22.89971954,-43.19891196,2026-04-26,ABERTO,2026-04-26 00:00:46.631339,2026-04-26 00:04:46.875662,5,5,5,5,1.0,1.0
VLT-Linha 4,B35T020D00208616,-22.89990027,-43.19888924,2026-04-26,ABERTO,2026-04-26 00:00:46.063413,2026-04-26 00:04:46.207532,5,5,5,5,1.0,1.0
VLT-Linha 4,B35T020D00209217,-22.89892055,-43.19886486,2026-04-26,ABERTO,2026-04-26 00:00:47.776269,2026-04-26 00:04:47.998005,5,5,5,5,1.0,1.0
VLT-Linha 4,B5AT020D00600547,-22.90289691,-43.19099612,2026-04-26,ABERTO,2026-04-26 00:00:04.035326,2026-04-26 00:04:03.698122,5,5,5,5,1.0,1.0
VLT-Linha 4,B5AT020D00600923,-22.90287945,-43.19098948,2026-04-26,ABERTO,2026-04-26 00:00:11.001614,2026-04-26 00:04:10.909483,5,5,5,5,1.0,1.0
VLT-Linha 4,B5AT020D00600927,-22.90274741,-43.19096226,2026-04-26,ABERTO,2026-04-26 00:00:03.889988,2026-04-26 00:04:03.710596,5,5,5,5,1.0,1.0
VLT-Linha 4,B5AT020D00600548,-22.90289455,-43.19088037,2026-04-26,ABERTO,2026-04-26 00:00:03.958693,2026-04-26 00:04:03.814568,5,5,5,5,1.0,1.0
VLT-Linha 4,B5AT020D00600563,-22.90347472,-43.1908194,2026-04-26,ABERTO,2026-04-26 00:00:07.736002,2026-04-26 00:04:07.395116,5,5,5,5,1.0,1.0
VLT-Linha 4,B5AT020D00600534,-22.90344208,-43.19078442,2026-04-26,ABERTO,2026-04-26 00:00:05.10172,2026-04-26 00:04:05.081352,5,5,5,5,1.0,1.0
VLT-Linha 4,B5AT020D00600533,-22.9034483,-43.19067288,2026-04-26,ABERTO,2026-04-26 00:00:04.217215,2026-04-26 00:04:04.210497,5,5,5,5,1.0,1.0
VLT-Linha 4,B5AT020D00600188,-22.90339922,-43.19063464,2026-04-26,ABERTO,2026-04-26 00:00:03.298041,2026-04-26 00:04:03.311704,5,5,5,5,1.0,1.0
VLT-Linha 4,B5AT020D00600186,-22.90340124,-43.19056083,2026-04-26,ABERTO,2026-04-26 00:00:07.982571,2026-04-26 00:04:07.633394,5,5,5,5,1.0,1.0
VLT-Linha 4,B5AT020D00600942,-22.90201622,-43.18389075,2026-04-26,FECHADO,2026-04-26 00:00:11.886892,2026-04-26 00:04:11.95878,5,5,5,5,1.0,1.0
VLT-Linha 4,B35T020D00210474,-22.90548242,-43.17831331,2026-04-26,ABERTO,2026-04-26 00:00:47.582822,2026-04-26 00:04:48.042089,5,5,5,5,1.0,1.0
VLT-Linha 4,B35T020D00205132,-22.90542607,-43.17785577,2026-04-26,ABERTO,2026-04-26 00:00:43.607971,2026-04-26 00:04:43.367695,5,5,5,5,1.0,1.0
VLT-Linha 4,B35T020D00203160,-22.90499937,-43.17780353,2026-04-26,ABERTO,2026-04-26 00:00:44.477763,2026-04-26 00:04:44.590747,5,5,5,5,1.0,1.0
VLT-Linha 4,B35T020D00201857,-22.90516628,-43.17763943,2026-04-26,ABERTO,2026-04-26 00:00:45.368531,2026-04-26 00:04:45.33678,5,5,5,5,1.0,1.0
VLT-Linha 4,B35T020D00208933,-22.90493252,-43.17760811,2026-04-26,ABERTO,2026-04-26 00:00:15.879051,2026-04-26 00:04:15.662506,5,5,5,5,1.0,1.0
VLT-Linha 4,B35T020D00208929,0.0,0.0,2026-04-26,ABERTO,2026-04-26 00:00:28.544302,2026-04-26 00:04:28.281911,5,5,5,0,0.0,1.0
VLT-Linha 4,B35T020D00208878,0.0,0.0,2026-04-26,ABERTO,2026-04-26 00:00:18.630088,2026-04-26 00:04:18.598081,5,5,5,0,0.0,1.0
VLT-Linha 4,B35T020D00209660,0.0,0.0,2026-04-26,ABERTO,2026-04-26 00:00:17.207687,2026-04-26 00:04:16.913573,5,5,5,0,0.0,1.0
VLT-Linha 4,B35T020D00208796,0.0,0.0,2026-04-26,ABERTO,2026-04-26 00:00:18.988142,2026-04-26 00:04:18.884903,5,5,5,0,0.0,1.0
VLT-Linha 4,B35T020D00204012,0.0,0.0,2026-04-26,ABERTO,2026-04-26 00:00:27.845291,2026-04-26 00:04:27.631493,5,5,5,0,0.0,1.0
VLT-Linha 4,B35T020D00209567,0.0,0.0,2026-04-26,ABERTO,2026-04-26 00:00:16.648206,2026-04-26 00:04:16.221366,5,5,5,0,0.0,1.0
VLT-Linha 4,B35T020D00209564,0.0,0.0,2026-04-26,ABERTO,2026-04-26 00:00:19.887111,2026-04-26 00:04:19.791703,5,5,5,0,0.0,1.0
VLT-Linha 4,B35T020D00209097,0.0,0.0,2026-04-26,ABERTO,2026-04-26 00:00:17.078419,2026-04-26 00:04:16.873526,5,5,5,0,0.0,1.0
VLT-Linha 4,B35T020D00206830,0.0,0.0,2026-04-26,ABERTO,2026-04-26 00:00:27.125318,2026-04-26 00:04:26.94854,5,5,5,0,0.0,1.0
VLT-Linha 4,B35T020D00210475,0.0,0.0,2026-04-26,ABERTO,2026-04-26 00:00:28.032615,2026-04-26 00:04:27.914859,5,5,5,0,0.0,1.0
VLT-Linha 4,B35T020D00203127,0.0,0.0,2026-04-26,ABERTO,2026-04-26 00:00:29.239634,2026-04-26 00:04:29.084916,5,5,5,0,0.0,1.0
VLT-Linha 4,B35T020D00209448,0.0,0.0,2026-04-26,ABERTO,2026-04-26 00:00:17.288809,2026-04-26 00:04:16.917122,5,5,5,0,0.0,1.0
VLT-Linha 4,B35T020D00209979,0.0,0.0,2026-04-26,ABERTO,2026-04-26 00:00:16.078317,2026-04-26 00:04:15.952609,5,5,5,0,0.0,1.0
VLT-Linha 4,B35T020D00203830,0.0,0.0,2026-04-26,ABERTO,2026-04-26 00:00:29.441075,2026-04-26 00:04:29.143959,5,5,5,0,0.0,1.0
VLT-Linha 4,B35T020D00205075,0.0,0.0,2026-04-26,ABERTO,2026-04-26 00:00:31.118567,2026-04-26 00:04:31.110264,5,5,5,0,0.0,1.0
VLT-Linha 4,B35T020D00209436,0.0,0.0,2026-04-26,ABERTO,2026-04-26 00:00:15.915245,2026-04-26 00:04:15.733828,5,5,5,0,0.0,1.0
VLT-Linha 4,B35T020D00208117,0.0,0.0,2026-04-26,ABERTO,2026-04-26 00:00:22.124832,2026-04-26 00:04:21.951795,5,5,5,0,0.0,1.0
VLT-Linha 4,B5AT020D00600014,0.0,0.0,2026-04-26,ABERTO,2026-04-26 00:00:38.17825,2026-04-26 00:04:38.467915,5,5,5,0,0.0,1.0
VLT-Linha 4,B35T020D00206821,0.0,0.0,2026-04-26,ABERTO,2026-04-26 00:00:32.729628,2026-04-26 00:04:32.306014,5,5,5,0,0.0,1.0
VLT-Linha 4,B35T020D00203253,0.0,0.0,2026-04-26,ABERTO,2026-04-26 00:00:40.05415,2026-04-26 00:04:40.017819,5,5,5,0,0.0,1.0
VLT-Linha 4,B35T020D00209218,0.0,0.0,2026-04-26,ABERTO,2026-04-26 00:00:49.24541,2026-04-26 00:04:49.373381,5,5,5,0,0.0,1.0
VLT-Linha 4,B35T020D00209105,0.0,0.0,2026-04-26,ABERTO,2026-04-26 00:00:43.670447,2026-04-26 00:04:44.627534,5,5,5,0,0.0,1.0
VLT-Linha 4,B35T020D00204960,0.0,0.0,2026-04-26,ABERTO,2026-04-26 00:00:28.462945,2026-04-26 00:04:28.495021,5,5,5,0,0.0,1.0
VLT-Linha 4,B35T020D00209931,0.0,0.0,2026-04-26,ABERTO,2026-04-26 00:00:39.519324,2026-04-26 00:04:39.417772,5,5,5,0,0.0,1.0
VLT-Linha 4,B35T020D00209658,0.0,0.0,2026-04-26,ABERTO,2026-04-26 00:00:18.167481,2026-04-26 00:04:17.886263,5,5,5,0,0.0,1.0
VLT-Linha 4,B35T020D00209187,0.0,0.0,2026-04-26,ABERTO,2026-04-26 00:00:29.517619,2026-04-26 00:04:29.361995,5,5,5,0,0.0,1.0
VLT-Linha 4,B35T020D00208494,0.0,0.0,2026-04-26,ABERTO,2026-04-26 00:00:27.526663,2026-04-26 00:04:27.536388,5,5,5,0,0.0,1.0
VLT-Linha 4,B35T020D00208035,0.0,0.0,2026-04-26,ABERTO,2026-04-26 00:00:28.897804,2026-04-26 00:04:28.859268,5,5,5,0,0.0,1.0
VLT-Linha 4,B35T020D00208945,0.0,0.0,2026-04-26,ABERTO,2026-04-26 00:00:16.898687,2026-04-26 00:04:16.920099,5,5,5,0,0.0,1.0
VLT-Linha 4,B35T020D00208717,0.0,0.0,2026-04-26,ABERTO,2026-04-26 00:00:16.421952,2026-04-26 00:04:16.030572,5,5,5,0,0.0,1.0
VLT-Linha 4,B35T020D00209449,0.0,0.0,2026-04-26,ABERTO,2026-04-26 00:00:15.710701,2026-04-26 00:04:15.211434,5,5,5,0,0.0,1.0
VLT-Linha 4,B35T020D00208935,0.0,0.0,2026-04-26,ABERTO,2026-04-26 00:00:33.384127,2026-04-26 00:04:33.164893,5,5,5,0,0.0,1.0
VLT-Linha 4,B35T020D00209184,0.0,0.0,2026-04-26,ABERTO,2026-04-26 00:00:30.358891,2026-04-26 00:04:30.114339,5,5,5,0,0.0,1.0
VLT-Linha 4,B35T020D00208798,0.0,0.0,2026-04-26,ABERTO,2026-04-26 00:00:17.516378,2026-04-26 00:04:17.237649,5,5,5,0,0.0,1.0
VLT-Linha 4,B35T020D00209294,0.0,0.0,2026-04-26,ABERTO,2026-04-26 00:00:19.079701,2026-04-26 00:04:18.87898,5,5,5,0,0.0,1.0
VLT-Linha 4,B35T020D00203755,0.0,0.0,2026-04-26,ABERTO,2026-04-26 00:00:50.108122,2026-04-26 00:04:50.515888,5,5,5,0,0.0,1.0
VLT-Linha 4,B35T020D00204179,0.0,0.0,2026-04-26,ABERTO,2026-04-26 00:00:30.864711,2026-04-26 00:04:30.587299,5,5,5,0,0.0,1.0
VLT-Linha 4,B35T020D00209192,0.0,0.0,2026-04-26,ABERTO,2026-04-26 00:00:29.208235,2026-04-26 00:04:28.823261,5,5,5,0,0.0,1.0
VLT-Linha 4,B35T020D00204011,0.0,0.0,2026-04-26,ABERTO,2026-04-26 00:00:37.476157,2026-04-26 00:04:37.098351,5,5,5,0,0.0,1.0
VLT-Linha 4,B35T020D00208799,0.0,0.0,2026-04-26,ABERTO,2026-04-26 00:00:17.825477,2026-04-26 00:04:17.904725,5,5,5,0,0.0,1.0
VLT-Linha 4,B35T020D00202816,0.0,0.0,2026-04-26,ABERTO,2026-04-26 00:00:30.099214,2026-04-26 00:04:29.803044,5,5,5,0,0.0,1.0
VLT-Linha 4,B35T020D00209350,0.0,0.0,2026-04-26,ABERTO,2026-04-26 00:00:19.753233,2026-04-26 00:04:19.634128,5,5,5,0,0.0,1.0
